"corpus";"title";"url";"id_doc"
"europarl";"Protection against injurious pricing of vessels";"http://www.europarl.europa.eu/sides/getDoc.do?type=REPORT&reference=A8-2015-0202&language=EN";"EPdoc-14-19_1025"
"europarl";"Resource efficiency: moving towards a circular economy";"http://www.europarl.europa.eu/sides/getDoc.do?type=REPORT&reference=A8-2015-0215&language=EN";"EPdoc-14-19_1243"
"europarl";"Maximum permitted levels of radioactive contamination following a nuclear accident";"http://www.europarl.europa.eu/sides/getDoc.do?type=REPORT&reference=A8-2015-0176&language=EN";"EPdoc-14-19_1250"
"europarl";"Building a Capital markets union";"http://www.europarl.europa.eu/sides/getDoc.do?type=MOTION&reference=B8-2015-0655&language=EN";"EPdoc-14-19_1256"
"europarl";"European Agenda on Security";"http://www.europarl.europa.eu/sides/getDoc.do?type=MOTION&reference=B8-2015-0676&language=EN";"EPdoc-14-19_1283"
"europarl";"Security challenges in the Middle East and North Africa and prospects for political stability";"http://www.europarl.europa.eu/sides/getDoc.do?type=REPORT&reference=A8-2015-0193&language=EN";"EPdoc-14-19_1289"
"europarl";"Review of the European neighbourhood policy";"http://www.europarl.europa.eu/sides/getDoc.do?type=REPORT&reference=A8-2015-0194&language=EN";"EPdoc-14-19_1298"
"europarl";"Harmonisation of certain aspects of copyright and related rights";"http://www.europarl.europa.eu/sides/getDoc.do?type=REPORT&reference=A8-2015-0209&language=EN";"EPdoc-14-19_1303"
"europarl";"Evaluation of activities of the European Endowment for Democracy (EED)";"http://www.europarl.europa.eu/sides/getDoc.do?type=REPORT&reference=A8-2015-0177&language=EN";"EPdoc-14-19_1305"
"europarl";"Cambodia's draft laws on NGOs and trade unions";"http://www.europarl.europa.eu/sides/getDoc.do?type=MOTION&reference=P8-RC-2015-0689&language=EN";"EPdoc-14-19_1306"
"europarl";"The Democratic Republic of Congo (DRC), in particular the case of two detained human rights activists Yves Makwambala and Fred Bauma";"http://www.europarl.europa.eu/sides/getDoc.do?type=MOTION&reference=P8-RC-2015-0690&language=EN";"EPdoc-14-19_1307"
"europarl";"Bahrain, in particular the case of Nabeel Rajab";"http://www.europarl.europa.eu/sides/getDoc.do?type=MOTION&reference=P8-RC-2015-0703&language=EN";"EPdoc-14-19_1308"
"europarl";"Situation of two Christian pastors in Sudan";"http://www.europarl.europa.eu/sides/getDoc.do?type=MOTION&reference=P8-RC-2015-0707&language=EN";"EPdoc-14-19_1309"
"europarl";"Negotiations for the Transatlantic Trade and Investment Partnership (TTIP)";"http://www.europarl.europa.eu/sides/getDoc.do?type=REPORT&reference=A8-2015-0175&language=EN";"EPdoc-14-19_1116"
"europarl";"Stabilisation and Association Agreement with the former Yugoslav Republic of Macedonia (protocol to take account of the accession of Croatia)";"http://www.europarl.europa.eu/sides/getDoc.do?type=REPORT&reference=A8-2015-0188&language=EN";"EPdoc-14-19_1117"
"europarl";"Stabilisation and Association Agreement with Serbia (protocol to take account of the accession of Croatia)";"http://www.europarl.europa.eu/sides/getDoc.do?type=REPORT&reference=A8-2015-0189&language=EN";"EPdoc-14-19_1118"
"europarl";"Scientific and technological cooperation with India: renewal of the agreement";"http://www.europarl.europa.eu/sides/getDoc.do?type=REPORT&reference=A8-2015-0179&language=EN";"EPdoc-14-19_1119"
"europarl";"Scientific and technological cooperation with the Faroe Islands: Horizon 2020";"http://www.europarl.europa.eu/sides/getDoc.do?type=REPORT&reference=A8-2015-0180&language=EN";"EPdoc-14-19_1120"
"europarl";"Long-term shareholder engagement and corporate governance statement";"http://www.europarl.europa.eu/sides/getDoc.do?type=REPORT&reference=A8-2015-0158&language=EN";"EPdoc-14-19_1146"
"europarl";"Market stability reserve for the Union greenhouse gas emission trading scheme";"http://www.europarl.europa.eu/sides/getDoc.do?type=REPORT&reference=A8-2015-0029&language=EN";"EPdoc-14-19_1147"
"europarl";"Seafarers";"http://www.europarl.europa.eu/sides/getDoc.do?type=REPORT&reference=A8-2015-0127&language=EN";"EPdoc-14-19_1149"
"europarl";"Scientific and technological cooperation with Switzerland: Horizon 2020 and ITER activities";"http://www.europarl.europa.eu/sides/getDoc.do?type=REPORT&reference=A8-2015-0181&language=EN";"EPdoc-14-19_1150"
"europarl";"Guidelines for the employment policies of the Member States";"http://www.europarl.europa.eu/sides/getDoc.do?type=REPORT&reference=A8-2015-0205&language=EN";"EPdoc-14-19_1162"
"europarl";"Mobilisation of the European Globalisation Adjustment Fund: application EGF/2015/001 FI/Broadcom";"http://www.europarl.europa.eu/sides/getDoc.do?type=REPORT&reference=A8-2015-0210&language=EN";"EPdoc-14-19_1163"
"europarl";"2016 Budget - Mandate for the trilogue";"http://www.europarl.europa.eu/sides/getDoc.do?type=REPORT&reference=A8-2015-0217&language=EN";"EPdoc-14-19_1185"
"europarl";"Green employment initiative";"http://www.europarl.europa.eu/sides/getDoc.do?type=REPORT&reference=A8-2015-0204&language=EN";"EPdoc-14-19_1199"
"europarl";"Tax avoidance and tax evasion as challenges in developing countries";"http://www.europarl.europa.eu/sides/getDoc.do?type=REPORT&reference=A8-2015-0184&language=EN";"EPdoc-14-19_1200"
"europarl";"Exercise of the Union’s rights under international trade rules";"http://www.europarl.europa.eu/sides/getDoc.do?type=REPORT&reference=A8-2015-0203&language=EN";"EPdoc-14-19_1024"
"europarl";"Fishing opportunities in EU waters for fishing vessels flying the flag of Venezuela off the coast of French Guiana";"http://www.europarl.europa.eu/sides/getDoc.do?type=REPORT&reference=A8-2015-0195&language=EN";"EPdoc-14-19_1026"
"europarl";"Draft amending budget No 3/2015: surplus from 2014";"http://www.europarl.europa.eu/sides/getDoc.do?type=REPORT&reference=A8-2015-0219&language=EN";"EPdoc-14-19_1027"
"europarl";"Draft amending budget No 4/2015: mobilisation of the EU Solidarity Fund for Romania, Bulgaria and Italy";"http://www.europarl.europa.eu/sides/getDoc.do?type=REPORT&reference=A8-2015-0220&language=EN";"EPdoc-14-19_1028"
"europarl";"Mobilisation of the EU Solidarity Fund: Floods in Romania, Bulgaria and Italy";"http://www.europarl.europa.eu/sides/getDoc.do?type=REPORT&reference=A8-2015-0211&language=EN";"EPdoc-14-19_1029"
"europarl";"Delivering multimodal integrated ticketing in Europe";"http://www.europarl.europa.eu/sides/getDoc.do?type=REPORT&reference=A8-2015-0183&language=EN";"EPdoc-14-19_1030"
"europarl";"Draft amending budget No 1/2015: European Fund for Strategic Investments (EFSI)";"http://www.europarl.europa.eu/sides/getDoc.do?type=REPORT&reference=A8-2015-0221&language=EN";"EPdoc-14-19_1031"
"europarl";"Draft amending budget No 5/2015 - Responding to migratory pressures";"http://www.europarl.europa.eu/sides/getDoc.do?type=REPORT&reference=A8-2015-0212&language=EN";"EPdoc-14-19_1032"
"europarl";"Review of the implementation of the Dairy package";"http://www.europarl.europa.eu/sides/getDoc.do?type=REPORT&reference=A8-2015-0187&language=EN";"EPdoc-14-19_1036"
"europarl";"External impact of EU trade and investment policy outside the EU";"http://www.europarl.europa.eu/sides/getDoc.do?type=REPORT&reference=A8-2015-0182&language=EN";"EPdoc-14-19_1037"
"europarl";"The fruit and vegetables sector since the 2007 reform";"http://www.europarl.europa.eu/sides/getDoc.do?type=REPORT&reference=A8-2015-0170&language=EN";"EPdoc-14-19_1038"
"europarl";"European Fund for Strategic Investments ";"http://www.europarl.europa.eu/sides/getDoc.do?type=REPORT&reference=A8-2015-0139&language=EN";"EPdoc-14-19_989"
"europarl";"Mobilisation of the European Globalisation Adjustment Fund: application EGF/2015/000 TA 2015 - Technical assistance at the initiative of the Commission";"http://www.europarl.europa.eu/sides/getDoc.do?type=REPORT&reference=A8-2015-0185&language=EN";"EPdoc-14-19_990"
"europarl";"Annual Tax report";"http://www.europarl.europa.eu/sides/getDoc.do?type=REPORT&reference=A8-2015-0040&language=EN";"EPdoc-14-19_541"
"europarl";"Review of the economic governance framework: stocktaking and challenges";"http://www.europarl.europa.eu/sides/getDoc.do?type=REPORT&reference=A8-2015-0190&language=EN";"EPdoc-14-19_1023"
"europarl";"Paraguay: the legal aspects related to the child pregnancy (Motion by EPP & ECR)";"http://www.europarl.europa.eu/sides/getDoc.do?type=MOTION&reference=P8-RC-2015-0546&language=EN";"EPdoc-14-19_969"
"europarl";"Situation in Nepal after the earthquakes";"http://www.europarl.europa.eu/sides/getDoc.do?type=MOTION&reference=P8-RC-2015-0580&language=EN";"EPdoc-14-19_971"
"europarl";"Strategic military situation in the Black Sea Basin following the illegal annexation of Crimea by Russia";"http://www.europarl.europa.eu/sides/getDoc.do?type=REPORT&reference=A8-2015-0171&language=EN";"EPdoc-14-19_986"
"europarl";"Postponement of the debate on TTIP";"http://www.europarl.europa.eu/sides/getDoc.do?type=AGENDA&reference=20150610&secondRef=SIT&language=EN";"EPdoc-14-19_928"
"europarl";"State of EU-Russia relations";"http://www.europarl.europa.eu/sides/getDoc.do?type=REPORT&reference=A8-2015-0162&language=EN";"EPdoc-14-19_943"
"europarl";"European energy security strategy";"http://www.europarl.europa.eu/sides/getDoc.do?type=REPORT&reference=A8-2015-0164&language=EN";"EPdoc-14-19_959"
"europarl";"OLAF Supervisory Committee's annual report 2014";"http://www.europarl.europa.eu/sides/getDoc.do?type=MOTION&reference=P8-RC-2015-0539&language=EN";"EPdoc-14-19_960"
"europarl";"2014 Progress Report on Turkey";"http://www.europarl.europa.eu/sides/getDoc.do?type=MOTION&reference=B8-2015-0455&language=EN";"EPdoc-14-19_968"
"europarl";"Accession of Croatia to the Convention on the fight against corruption involving EC officials or officials of Member States";"http://www.europarl.europa.eu/sides/getDoc.do?type=REPORT&reference=A8-2015-0157&language=EN";"EPdoc-14-19_933"
"europarl";"EU-Iceland agreement on Iceland participation in the second commitment period of the Kyoto Protocol";"http://www.europarl.europa.eu/sides/getDoc.do?type=REPORT&reference=A8-2015-0166&language=EN";"EPdoc-14-19_931"
"europarl";"Accession of Croatia to the Convention on mutual assistance in criminal matters";"http://www.europarl.europa.eu/sides/getDoc.do?type=REPORT&reference=A8-2015-0156&language=EN";"EPdoc-14-19_932"
"europarl";"Conclusion of the Doha amendment to the Kyoto Protocol";"http://www.europarl.europa.eu/sides/getDoc.do?type=REPORT&reference=A8-2015-0167&language=EN";"EPdoc-14-19_929"
"europarl";"Adjustment rate for direct payments in respect of 2015";"http://www.europarl.europa.eu/sides/getDoc.do?type=REPORT&reference=A8-2015-0174&language=EN";"EPdoc-14-19_913"
"europarl";"EU Strategy for equality between women and men post 2015";"http://www.europarl.europa.eu/sides/getDoc.do?type=REPORT&reference=A8-2015-0163&language=EN";"EPdoc-14-19_925"
"europarl";"Intellectual property rights in third countries";"http://www.europarl.europa.eu/sides/getDoc.do?type=REPORT&reference=A8-2015-0161&language=EN";"EPdoc-14-19_926"
"europarl";"Intellectual property rights: an EU action plan";"http://www.europarl.europa.eu/sides/getDoc.do?type=REPORT&reference=A8-2015-0169&language=EN";"EPdoc-14-19_927"
"europarl";"Decision on the opening of, and mandate for, interinstitutional negotiations on Aid scheme for the supply of fruit and vegetables, bananas and milk in the educational establishments";"http://www.europarl.europa.eu/sides/getDoc.do?type=MOTION&reference=B8-2015-0362&language=EN";"EPdoc-14-19_912"
"europarl";"Swaziland, the case of human rights activists Thulani Maseko and Bheki Makhubu";"http://www.europarl.europa.eu/sides/getDoc.do?type=MOTION&reference=P8-RC-2015-0473&language=EN";"EPdoc-14-19_878"
"europarl";"Implementation of the Common Security and Defence Policy";"http://www.europarl.europa.eu/sides/getDoc.do?type=REPORT&reference=A8-2015-0054&language=EN";"EPdoc-14-19_895"
"europarl";"Financing the Common Security and Defence Policy";"http://www.europarl.europa.eu/sides/getDoc.do?type=REPORT&reference=A8-2015-0136&language=EN";"EPdoc-14-19_904"
"europarl";"Security and defence capabilities in Europe";"http://www.europarl.europa.eu/sides/getDoc.do?type=REPORT&reference=A8-2015-0159&language=EN";"EPdoc-14-19_908"
"europarl";"Trade, development and cooperation agreement with South Africa (Protocol to take account of the accession of Croatia)";"http://www.europarl.europa.eu/sides/getDoc.do?type=REPORT&reference=A8-2015-0146&language=EN";"EPdoc-14-19_827"
"europarl";"Self-certification of importers of minerals and metals originating in conflict-affected and high-risk areas";"http://www.europarl.europa.eu/sides/getDoc.do?type=REPORT&reference=A8-2015-0141&language=EN";"EPdoc-14-19_856"
"europarl";"Cadmium in illumination and display lighting applications";"http://www.europarl.europa.eu/sides/getDoc.do?type=MOTION&reference=B8-2015-0464&language=EN";"EPdoc-14-19_857"
"europarl";"Maternity leave";"http://www.europarl.europa.eu/sides/getDoc.do?type=MOTION&reference=B8-2015-0453&language=EN";"EPdoc-14-19_859"
"europarl";"Outbreak of Xylella fastidiosa affecting olive trees (Motion by EFDD & GUE/NGL)";"http://www.europarl.europa.eu/sides/getDoc.do?type=MOTION&reference=P8-RC-2015-0451&language=EN";"EPdoc-14-19_861"
"europarl";"Outbreak of Xylella fastidiosa affecting olive trees";"http://www.europarl.europa.eu/sides/getDoc.do?type=MOTION&reference=P8-RC-2015-0451&language=EN";"EPdoc-14-19_875"
"europarl";"Safer healthcare in Europe";"http://www.europarl.europa.eu/sides/getDoc.do?type=REPORT&reference=A8-2015-0142&language=EN";"EPdoc-14-19_823"
"europarl";"Green growth opportunities for SMEs";"http://www.europarl.europa.eu/sides/getDoc.do?type=REPORT&reference=A8-2015-0135&language=EN";"EPdoc-14-19_826"
"europarl";"Safeguard measures provided for in the Agreement with the Swiss Confederation";"http://www.europarl.europa.eu/sides/getDoc.do?type=REPORT&reference=A8-2015-0145&language=EN";"EPdoc-14-19_810"
"europarl";"European Convention on the legal protection of services based on, or consisting of, conditional access";"http://www.europarl.europa.eu/sides/getDoc.do?type=REPORT&reference=A8-2015-0071&language=EN";"EPdoc-14-19_811"
"europarl";"Financing for development";"http://www.europarl.europa.eu/sides/getDoc.do?type=REPORT&reference=A8-2015-0143&language=EN";"EPdoc-14-19_821"
"europarl";"European Investment Bank annual report 2013";"http://www.europarl.europa.eu/sides/getDoc.do?type=REPORT&reference=A8-2015-0057&language=EN";"EPdoc-14-19_805"
"europarl";"Motions for resolutions - Expo Milano 2015: Feeding the Planet, Energy for Life";"http://www.europarl.europa.eu/sides/getDoc.do?type=MOTION&reference=B8-2015-0360&language=EN";"EPdoc-14-19_808"
"europarl";"Situation in Nigeria";"http://www.europarl.europa.eu/sides/getDoc.do?type=MOTION&reference=P8-RC-2015-0370&language=EN";"EPdoc-14-19_809"
"europarl";"Persecution of the Christians around the world, in relation to the killing of students in Kenya by terror group Al-Shabaab";"http://www.europarl.europa.eu/sides/getDoc.do?type=MOTION&reference=P8-RC-2015-0382&language=EN";"EPdoc-14-19_790"
"europarl";"Motions for resolutions - Destruction of cultural sites perpetrated by ISIS/Da'esh";"http://www.europarl.europa.eu/sides/getDoc.do?type=MOTION&reference=P8-RC-2015-0382&language=EN";"EPdoc-14-19_791"
"europarl";"Persecution of the Christians around the world, in relation to the killing of students in Kenya by terror group Al-Shabaab (Motion by the EPP)";"http://www.europarl.europa.eu/sides/getDoc.do?type=MOTION&reference=B8-2015-0369&language=EN";"EPdoc-14-19_776"
"europarl";"Pre-financing of operational programmes supported by the Youth Employment Initiative";"http://www.europarl.europa.eu/sides/getDoc.do?type=REPORT&reference=A8-2015-0134&language=EN";"EPdoc-14-19_569"
"europarl";"Repeal of Council Regulation (EEC) No 3030/93 on common rules for imports of certain textile products from third countries";"http://www.europarl.europa.eu/sides/getDoc.do?type=REPORT&reference=A8-2015-0026&language=EN";"EPdoc-14-19_570"
"europarl";"Safeguard measures provided for in the Agreement with Norway";"http://www.europarl.europa.eu/sides/getDoc.do?type=REPORT&reference=A8-2015-0046&language=EN";"EPdoc-14-19_571"
"europarl";"Stabilisation and Association Agreement with Albania";"http://www.europarl.europa.eu/sides/getDoc.do?type=REPORT&reference=A8-2015-0047&language=EN";"EPdoc-14-19_572"
"europarl";"Stabilisation and Association Agreement and Interim Agreement on trade and trade-related matters with Bosnia and Herzegovina";"http://www.europarl.europa.eu/sides/getDoc.do?type=REPORT&reference=A8-2015-0017&language=EN";"EPdoc-14-19_573"
"europarl";"Stabilisation and Association Agreement with the former Yugoslav Republic of Macedonia";"http://www.europarl.europa.eu/sides/getDoc.do?type=REPORT&reference=A8-2015-0132&language=EN";"EPdoc-14-19_574"
"europarl";"Application of Articles 107 and 108 TFEU to certain categories of horizontal state aid";"http://www.europarl.europa.eu/sides/getDoc.do?type=REPORT&reference=A8-2014-0029&language=EN";"EPdoc-14-19_575"
"europarl";"Rules for the application of Article 108 TFEU";"http://www.europarl.europa.eu/sides/getDoc.do?type=REPORT&reference=A8-2014-0047&language=EN";"EPdoc-14-19_576"
"europarl";"Discharge 2013: EU general budget - European Commission and executive agencies";"http://www.europarl.europa.eu/sides/getDoc.do?type=REPORT&reference=A8-2015-0101&language=EN";"EPdoc-14-19_577"
"europarl";"Court of Auditors special reports in the context of the 2013 Commission discharge";"http://www.europarl.europa.eu/sides/getDoc.do?type=REPORT&reference=A8-2015-0067&language=EN";"EPdoc-14-19_593"
"europarl";"Discharge 2013: EU general budget - 8th, 9th and 10th EDFs";"http://www.europarl.europa.eu/sides/getDoc.do?type=REPORT&reference=A8-2015-0102&language=EN";"EPdoc-14-19_594"
"europarl";"Discharge 2013: EU general budget - European Parliament";"http://www.europarl.europa.eu/sides/getDoc.do?type=REPORT&reference=A8-2015-0082&language=EN";"EPdoc-14-19_596"
"europarl";"Discharge 2013: EU general budget - European Council and Council";"http://www.europarl.europa.eu/sides/getDoc.do?type=REPORT&reference=A8-2015-0116&language=EN";"EPdoc-14-19_613"
"europarl";"Discharge 2013: EU general budget - European External Action Service";"http://www.europarl.europa.eu/sides/getDoc.do?type=REPORT&reference=A8-2015-0109&language=EN";"EPdoc-14-19_615"
"europarl";"Discharge 2013: EU general budget - Court of Justice";"http://www.europarl.europa.eu/sides/getDoc.do?type=REPORT&reference=A8-2015-0111&language=EN";"EPdoc-14-19_618"
"europarl";"Discharge 2013: EU general budget - Court of Auditors";"http://www.europarl.europa.eu/sides/getDoc.do?type=REPORT&reference=A8-2015-0113&language=EN";"EPdoc-14-19_620"
"europarl";"Discharge 2013: EU general budget - Economic and Social Committee";"http://www.europarl.europa.eu/sides/getDoc.do?type=REPORT&reference=A8-2015-0114&language=EN";"EPdoc-14-19_622"
"europarl";"Discharge 2013: EU general budget - Committee of the Regions";"http://www.europarl.europa.eu/sides/getDoc.do?type=REPORT&reference=A8-2015-0105&language=EN";"EPdoc-14-19_624"
"europarl";"Discharge 2013: EU general budget - European Ombudsman";"http://www.europarl.europa.eu/sides/getDoc.do?type=REPORT&reference=A8-2015-0115&language=EN";"EPdoc-14-19_626"
"europarl";"Discharge 2013: EU general budget - European Data Protection Supervisor";"http://www.europarl.europa.eu/sides/getDoc.do?type=REPORT&reference=A8-2015-0118&language=EN";"EPdoc-14-19_628"
"europarl";"2013 discharge: performance, financial management and control of EU agencies";"http://www.europarl.europa.eu/sides/getDoc.do?type=REPORT&reference=A8-2015-0070&language=EN";"EPdoc-14-19_631"
"europarl";"Discharge 2013: Agency for the Cooperation of Energy Regulators (ACER)";"http://www.europarl.europa.eu/sides/getDoc.do?type=REPORT&reference=A8-2015-0117&language=EN";"EPdoc-14-19_632"
"europarl";"Discharge 2013: Office of the Body of European Regulators for Electronic Communications (BEREC)";"http://www.europarl.europa.eu/sides/getDoc.do?type=REPORT&reference=A8-2015-0081&language=EN";"EPdoc-14-19_634"
"europarl";"Discharge 2013: Translation Centre for the Bodies of the European Union (CDT)";"http://www.europarl.europa.eu/sides/getDoc.do?type=REPORT&reference=A8-2015-0084&language=EN";"EPdoc-14-19_636"
"europarl";"Discharge 2013: European Centre for the Development of Vocational Training (CEDEFOP)";"http://www.europarl.europa.eu/sides/getDoc.do?type=REPORT&reference=A8-2015-0079&language=EN";"EPdoc-14-19_638"
"europarl";"Discharge 2013: European Police College (CEPOL)";"http://www.europarl.europa.eu/sides/getDoc.do?type=REPORT&reference=A8-2015-0086&language=EN";"EPdoc-14-19_640"
"europarl";"Discharge 2013: European Aviation Safety Agency (EASA)";"http://www.europarl.europa.eu/sides/getDoc.do?type=REPORT&reference=A8-2015-0074&language=EN";"EPdoc-14-19_642"
"europarl";"Discharge 2013: European Asylum Support Office (EASO)";"http://www.europarl.europa.eu/sides/getDoc.do?type=REPORT&reference=A8-2015-0085&language=EN";"EPdoc-14-19_644"
"europarl";"Discharge 2013: European Banking Authority (EBA)";"http://www.europarl.europa.eu/sides/getDoc.do?type=REPORT&reference=A8-2015-0072&language=EN";"EPdoc-14-19_646"
"europarl";"Discharge 2013: European Centre for Disease Prevention and Control (ECDC)";"http://www.europarl.europa.eu/sides/getDoc.do?type=REPORT&reference=A8-2015-0069&language=EN";"EPdoc-14-19_648"
"europarl";"Discharge 2013: European Chemicals Agency (ECHA)";"http://www.europarl.europa.eu/sides/getDoc.do?type=REPORT&reference=A8-2015-0073&language=EN";"EPdoc-14-19_650"
"europarl";"Discharge 2013: European Environment Agency (EEA)";"http://www.europarl.europa.eu/sides/getDoc.do?type=REPORT&reference=A8-2015-0083&language=EN";"EPdoc-14-19_652"
"europarl";"Discharge 2013: European Fisheries Control Agency (EFCA)";"http://www.europarl.europa.eu/sides/getDoc.do?type=REPORT&reference=A8-2015-0100&language=EN";"EPdoc-14-19_654"
"europarl";"Discharge 2013: European Food Safety Authority (EFSA)";"http://www.europarl.europa.eu/sides/getDoc.do?type=REPORT&reference=A8-2015-0097&language=EN";"EPdoc-14-19_656"
"europarl";"Discharge 2013: European Institute for Gender Equality (EIGE)";"http://www.europarl.europa.eu/sides/getDoc.do?type=REPORT&reference=A8-2015-0098&language=EN";"EPdoc-14-19_658"
"europarl";"Discharge 2013: European Insurance and Occupational Pensions Authority (EIOPA)";"http://www.europarl.europa.eu/sides/getDoc.do?type=REPORT&reference=A8-2015-0096&language=EN";"EPdoc-14-19_660"
"europarl";"Discharge 2013: European Institute of Innovation and Technology (EIT)";"http://www.europarl.europa.eu/sides/getDoc.do?type=REPORT&reference=A8-2015-0077&language=EN";"EPdoc-14-19_662"
"europarl";"Discharge 2013: European Medicines Agency (EMA)";"http://www.europarl.europa.eu/sides/getDoc.do?type=REPORT&reference=A8-2015-0075&language=EN";"EPdoc-14-19_664"
"europarl";"Discharge 2013: European Monitoring Centre for Drugs and Drug Addiction (EMCDDA)";"http://www.europarl.europa.eu/sides/getDoc.do?type=REPORT&reference=A8-2015-0068&language=EN";"EPdoc-14-19_666"
"europarl";"Discharge 2013: European Maritime Safety Agency (EMSA)";"http://www.europarl.europa.eu/sides/getDoc.do?type=REPORT&reference=A8-2015-0088&language=EN";"EPdoc-14-19_668"
"europarl";"Discharge 2013: European Union Agency for Network and Information Security (ENISA)";"http://www.europarl.europa.eu/sides/getDoc.do?type=REPORT&reference=A8-2015-0089&language=EN";"EPdoc-14-19_670"
"europarl";"Discharge 2013: European Railway Agency (ERA)";"http://www.europarl.europa.eu/sides/getDoc.do?type=REPORT&reference=A8-2015-0078&language=EN";"EPdoc-14-19_672"
"europarl";"Discharge 2013: European Securities and Markets Authority (ESMA)";"http://www.europarl.europa.eu/sides/getDoc.do?type=REPORT&reference=A8-2015-0087&language=EN";"EPdoc-14-19_674"
"europarl";"Discharge 2013: European Training Foundation (ETF)";"http://www.europarl.europa.eu/sides/getDoc.do?type=REPORT&reference=A8-2015-0090&language=EN";"EPdoc-14-19_676"
"europarl";"Discharge 2013 : European Agency for the operational management of large-scale IT systems in the area of freedom, security and justice (EU-LISA)";"http://www.europarl.europa.eu/sides/getDoc.do?type=REPORT&reference=A8-2015-0099&language=EN";"EPdoc-14-19_678"
"europarl";"Discharge 2013: European Agency for Safety and Health at Work (EU-OSHA)";"http://www.europarl.europa.eu/sides/getDoc.do?type=REPORT&reference=A8-2015-0076&language=EN";"EPdoc-14-19_680"
"europarl";"Discharge 2013: Euratom Supply Agency (EURATOM)";"http://www.europarl.europa.eu/sides/getDoc.do?type=REPORT&reference=A8-2015-0119&language=EN";"EPdoc-14-19_682"
"europarl";"Discharge 2013: European Foundation for the Improvement of Living and Working Conditions (EUROFOUND)";"http://www.europarl.europa.eu/sides/getDoc.do?type=REPORT&reference=A8-2015-0092&language=EN";"EPdoc-14-19_684"
"europarl";"Discharge 2013: The European Union's Judicial Cooperation Unit (EUROJUST)";"http://www.europarl.europa.eu/sides/getDoc.do?type=REPORT&reference=A8-2015-0091&language=EN";"EPdoc-14-19_686"
"europarl";"Discharge 2013: European Police Office (EUROPOL)";"http://www.europarl.europa.eu/sides/getDoc.do?type=REPORT&reference=A8-2015-0080&language=EN";"EPdoc-14-19_688"
"europarl";"Discharge 2013: European Union Fundamental Rights Agency (FRA)";"http://www.europarl.europa.eu/sides/getDoc.do?type=REPORT&reference=A8-2015-0093&language=EN";"EPdoc-14-19_690"
"europarl";"Discharge 2013: European Agency for the Management of Operational Cooperation at the External Borders of the Member States of the European Union (FRONTEX)";"http://www.europarl.europa.eu/sides/getDoc.do?type=REPORT&reference=A8-2015-0094&language=EN";"EPdoc-14-19_692"
"europarl";"Discharge 2013: European GNSS Agency (GNSS)";"http://www.europarl.europa.eu/sides/getDoc.do?type=REPORT&reference=A8-2015-0095&language=EN";"EPdoc-14-19_694"
"europarl";"Discharge 2013: ARTEMIS Joint Undertaking";"http://www.europarl.europa.eu/sides/getDoc.do?type=REPORT&reference=A8-2015-0103&language=EN";"EPdoc-14-19_696"
"europarl";"Discharge 2013: Clean Sky Joint Undertaking";"http://www.europarl.europa.eu/sides/getDoc.do?type=REPORT&reference=A8-2015-0107&language=EN";"EPdoc-14-19_698"
"europarl";"Discharge 2013: ENIAC Joint Undertaking";"http://www.europarl.europa.eu/sides/getDoc.do?type=REPORT&reference=A8-2015-0104&language=EN";"EPdoc-14-19_700"
"europarl";"Discharge 2013: Fuel Cells and Hydrogen Joint Undertaking";"http://www.europarl.europa.eu/sides/getDoc.do?type=REPORT&reference=A8-2015-0112&language=EN";"EPdoc-14-19_702"
"europarl";"Discharge 2013: Innovative Medicines Initiative Joint Undertaking";"http://www.europarl.europa.eu/sides/getDoc.do?type=REPORT&reference=A8-2015-0106&language=EN";"EPdoc-14-19_704"
"europarl";"Discharge 2013: Joint Undertaking for ITER and the development of fusion energy";"http://www.europarl.europa.eu/sides/getDoc.do?type=REPORT&reference=A8-2015-0108&language=EN";"EPdoc-14-19_706"
"europarl";"Discharge 2013: SESAR Joint Undertaking";"http://www.europarl.europa.eu/sides/getDoc.do?type=REPORT&reference=A8-2015-0110&language=EN";"EPdoc-14-19_708"
"europarl";"Money market funds";"http://www.europarl.europa.eu/sides/getDoc.do?type=REPORT&reference=A8-2015-0041&language=EN";"EPdoc-14-19_725"
"europarl";"Imports of textile products from certain third countries not covered by specific Union import rules";"http://www.europarl.europa.eu/sides/getDoc.do?type=REPORT&reference=A8-2015-0016&language=EN";"EPdoc-14-19_726"
"europarl";"South Sudan, including recent child abductions";"http://www.europarl.europa.eu/sides/getDoc.do?type=MOTION&reference=P8-RC-2015-0241&language=EN";"EPdoc-14-19_484"
"europarl";"Estimates of revenue and expenditure for the financial year 2016 - Section I - Parliament";"http://www.europarl.europa.eu/sides/getDoc.do?type=REPORT&reference=A8-2015-0144&language=EN";"EPdoc-14-19_745"
"europarl";"European Public Prosecutor's Office";"http://www.europarl.europa.eu/sides/getDoc.do?type=REPORT&reference=A8-2015-0055&language=EN";"EPdoc-14-19_746"
"europarl";"Second anniversary of the Rana Plaza building collapse and the state of play of the Sustainability Compact";"http://www.europarl.europa.eu/sides/getDoc.do?type=MOTION&reference=P8-RC-2015-0363&language=EN";"EPdoc-14-19_758"
"europarl";"Report of the extraordinary European Council meeting (23 April 2015) - The latest tragedies in the Mediterranean and EU migration and asylum policies";"http://www.europarl.europa.eu/sides/getDoc.do?type=MOTION&reference=P8-RC-2015-0367&language=EN";"EPdoc-14-19_773"
"europarl";"International Convention on standards for fishing vessel personnel";"http://www.europarl.europa.eu/sides/getDoc.do?type=REPORT&reference=A8-2015-0064&language=EN";"EPdoc-14-19_550"
"europarl";"Draft amending budget No 2/2015: Revision of the MFF for 2014-2020";"http://www.europarl.europa.eu/sides/getDoc.do?type=REPORT&reference=A8-2015-0138&language=EN";"EPdoc-14-19_551"
"europarl";"Landing obligation";"http://www.europarl.europa.eu/sides/getDoc.do?type=REPORT&reference=A8-2014-0060&language=EN";"EPdoc-14-19_564"
"europarl";"Protocol to the Partnership and Cooperation Agreement between the EC and Russia to take account of the accession of Croatia to the EU";"http://www.europarl.europa.eu/sides/getDoc.do?type=REPORT&reference=A8-2015-0129&language=EN";"EPdoc-14-19_565"
"europarl";"Implementation of the Bologna process";"http://www.europarl.europa.eu/sides/getDoc.do?type=REPORT&reference=A8-2015-0121&language=EN";"EPdoc-14-19_566"
"europarl";"European film in the digital era";"http://www.europarl.europa.eu/sides/getDoc.do?type=REPORT&reference=A8-2015-0123&language=EN";"EPdoc-14-19_567"
"europarl";"A new EU Forest Strategy";"http://www.europarl.europa.eu/sides/getDoc.do?type=REPORT&reference=A8-2015-0126&language=EN";"EPdoc-14-19_568"
"europarl";"Mobilisation of the European Globalisation Adjustment Fund: application EGF/2014/017 FR/Mory-Ducros";"http://www.europarl.europa.eu/sides/getDoc.do?type=REPORT&reference=A8-2015-0124&language=EN";"EPdoc-14-19_542"
"europarl";"Decision establishing the Social Protection Committee";"http://www.europarl.europa.eu/sides/getDoc.do?type=REPORT&reference=A8-2015-0066&language=EN";"EPdoc-14-19_543"
"europarl";"Decision establishing the Employment Committee";"http://www.europarl.europa.eu/sides/getDoc.do?type=REPORT&reference=A8-2015-0065&language=EN";"EPdoc-14-19_544"
"europarl";"Amendment of the MFF 2014-2020";"http://www.europarl.europa.eu/sides/getDoc.do?type=REPORT&reference=A8-2015-0125&language=EN";"EPdoc-14-19_545"
"europarl";"International Roma Day – anti-Gypsyism in Europe and EU recognition of the memorial day of the Roma genocide during WW II";"http://www.europarl.europa.eu/sides/getDoc.do?type=MOTION&reference=B8-2015-0326&language=EN";"EPdoc-14-19_548"
"europarl";"Mobilisation of the European Globalisation Adjustment Fund: application EGF/2014/018 GR/Attica Broadcasting";"http://www.europarl.europa.eu/sides/getDoc.do?type=REPORT&reference=A8-2015-0050&language=EN";"EPdoc-14-19_523"
"europarl";"Mobilisation of the European Globalisation Adjustment Fund: application EGF/2014/015 GR/Attica Publishing activities";"http://www.europarl.europa.eu/sides/getDoc.do?type=REPORT&reference=A8-2015-0051&language=EN";"EPdoc-14-19_524"
"europarl";"Mobilisation of the European Globalisation Adjustment Fund: application EGF/2014/016 IE/Lufthansa Technik";"http://www.europarl.europa.eu/sides/getDoc.do?type=REPORT&reference=A8-2015-0052&language=EN";"EPdoc-14-19_525"
"europarl";"Macro-financial assistance to Ukraine ";"http://www.europarl.europa.eu/sides/getDoc.do?type=REPORT&reference=A8-2015-0056&language=EN";"EPdoc-14-19_538"
"europarl";"Annual report from the High Representative of the European Union for Foreign Affairs and Security Policy to the European Parliament";"http://www.europarl.europa.eu/sides/getDoc.do?type=REPORT&reference=A8-2015-0039&language=EN";"EPdoc-14-19_499"
"europarl";"Annual report on human rights and democracy in the world 2013 and the EU policy on the matter ";"http://www.europarl.europa.eu/sides/getDoc.do?type=REPORT&reference=A8-2015-0023&language=EN";"EPdoc-14-19_507"
"europarl";"Sustainable exploitation of sea bass";"http://www.europarl.europa.eu/sides/getDoc.do?type=MOTION&reference=B8-2015-0235&language=EN";"EPdoc-14-19_516"
"europarl";"Situation in Venezuela ";"http://www.europarl.europa.eu/sides/getDoc.do?type=MOTION&reference=P8-RC-2015-0236&language=EN";"EPdoc-14-19_522"
"europarl";"Common rules for imports from certain third countries";"http://www.europarl.europa.eu/sides/getDoc.do?type=REPORT&reference=A8-2015-0014&language=EN";"EPdoc-14-19_439"
"europarl";"Stabilisation and Association Agreement with Montenegro";"http://www.europarl.europa.eu/sides/getDoc.do?type=REPORT&reference=A8-2014-0051&language=EN";"EPdoc-14-19_440"
"europarl";"Union tariff quotas for high-quality beef, and for pigmeat, poultrymeat, wheat and meslin, and brans, sharps and other residues";"http://www.europarl.europa.eu/sides/getDoc.do?type=REPORT&reference=A8-2014-0052&language=EN";"EPdoc-14-19_441"
"europarl";"Import into the Union of agricultural products originating in Turkey";"http://www.europarl.europa.eu/sides/getDoc.do?type=REPORT&reference=A8-2014-0048&language=EN";"EPdoc-14-19_442"
"europarl";"Suspending certain concessions relating to the import into the Union of agricultural products originating in Turkey";"http://www.europarl.europa.eu/sides/getDoc.do?type=REPORT&reference=A8-2014-0050&language=EN";"EPdoc-14-19_443"
"europarl";"Establishment of the General Fisheries Commission for the Mediterranean";"http://www.europarl.europa.eu/sides/getDoc.do?type=REPORT&reference=A8-2015-0038&language=EN";"EPdoc-14-19_444"
"europarl";"Guidelines for the 2016 budget - Section III";"http://www.europarl.europa.eu/sides/getDoc.do?type=REPORT&reference=A8-2015-0027&language=EN";"EPdoc-14-19_455"
"europarl";"Annual report 2013 on the protection of EU's financial interests - Fight against fraud";"http://www.europarl.europa.eu/sides/getDoc.do?type=REPORT&reference=A8-2015-0024&language=EN";"EPdoc-14-19_460"
"europarl";"European Semester for economic policy coordination: Annual Growth Survey 2015";"http://www.europarl.europa.eu/sides/getDoc.do?type=REPORT&reference=A8-2015-0037&language=EN";"EPdoc-14-19_462"
"europarl";"European Semester for economic policy coordination: employment and social aspects in the Annual Growth Survey 2015";"http://www.europarl.europa.eu/sides/getDoc.do?type=REPORT&reference=A8-2015-0043&language=EN";"EPdoc-14-19_479"
"europarl";"Single market governance within the European Semester 2015";"http://www.europarl.europa.eu/sides/getDoc.do?type=REPORT&reference=A8-2015-0018&language=EN";"EPdoc-14-19_481"
"europarl";"Fight against child sexual abuse on the Internet";"http://www.europarl.europa.eu/sides/getDoc.do?type=MOTION&reference=P8-RC-2015-0217&language=EN";"EPdoc-14-19_482"
"europarl";"Mobilisation of the European Globalisation Adjustment Fund - application EGF/2013/009 PL/Zachem";"http://www.europarl.europa.eu/sides/getDoc.do?type=REPORT&reference=A8-2015-0036&language=EN";"EPdoc-14-19_380"
"europarl";"Mobilisation of the European Globalisation Adjustment Fund - application EGF/2014/014 DE/Aleo Solar";"http://www.europarl.europa.eu/sides/getDoc.do?type=REPORT&reference=A8-2015-0030&language=EN";"EPdoc-14-19_381"
"europarl";"Mobilisation of the European Globalisation Adjustment Fund - application EGF/2013/007 BE/Hainaut Steel (Duferco-NLMK)";"http://www.europarl.europa.eu/sides/getDoc.do?type=REPORT&reference=A8-2015-0031&language=EN";"EPdoc-14-19_382"
"europarl";"Mobilisation of the European Globalisation Adjustment Fund - application EGF/2014/012 BE/ArcelorMittal";"http://www.europarl.europa.eu/sides/getDoc.do?type=REPORT&reference=A8-2015-0035&language=EN";"EPdoc-14-19_383"
"europarl";"Mobilisation of the European Globalisation Adjustment Fund - application EGF/2014/011 BE/Caterpillar";"http://www.europarl.europa.eu/sides/getDoc.do?type=REPORT&reference=A8-2015-0033&language=EN";"EPdoc-14-19_384"
"europarl";"European long-term investment funds";"http://www.europarl.europa.eu/sides/getDoc.do?type=REPORT&reference=A8-2015-0021&language=EN";"EPdoc-14-19_385"
"europarl";"Interchange fees for card-based payment transactions";"http://www.europarl.europa.eu/sides/getDoc.do?type=REPORT&reference=A8-2015-0022&language=EN";"EPdoc-14-19_386"
"europarl";"Mobilisation of the European Globalisation Adjustment Fund - application EGF/2013/011 BE/Saint-Gobain Sekurit";"http://www.europarl.europa.eu/sides/getDoc.do?type=REPORT&reference=A8-2015-0034&language=EN";"EPdoc-14-19_387"
"europarl";"Progress on equality between women and men in the EU in 2013";"http://www.europarl.europa.eu/sides/getDoc.do?type=REPORT&reference=A8-2015-0015&language=EN";"EPdoc-14-19_418"
"europarl";"Annual report on EU competition policy";"http://www.europarl.europa.eu/sides/getDoc.do?type=REPORT&reference=A8-2015-0019&language=EN";"EPdoc-14-19_437"
"europarl";"European Central Bank annual report for 2013 ";"http://www.europarl.europa.eu/sides/getDoc.do?type=REPORT&reference=A8-2015-0011&language=EN";"EPdoc-14-19_438"
"europarl";"Saudi Arabia: the case of Raif Badawi";"http://www.europarl.europa.eu/sides/getDoc.do?type=MOTION&reference=P8-RC-2015-0143&language=EN";"EPdoc-14-19_373"
"europarl";"Mass graves of the missing persons of Ashia at Ornithi village in the occupied part of Cyprus";"http://www.europarl.europa.eu/sides/getDoc.do?type=MOTION&reference=P8-RC-2015-0150&language=EN";"EPdoc-14-19_374"
"europarl";"Setting up a special committee on tax rulings";"http://www.europarl.europa.eu/sides/getDoc.do?type=AGENDA&reference=20150212&secondRef=SIT&language=EN";"EPdoc-14-19_376"
"europarl";"Safeguard measures provided for in the Agreement with Iceland";"http://www.europarl.europa.eu/sides/getDoc.do?type=REPORT&reference=A8-2014-0031&language=EN";"EPdoc-14-19_329"
"europarl";"Measures concerning anti-dumping and anti-subsidy matters";"http://www.europarl.europa.eu/sides/getDoc.do?type=REPORT&reference=A8-2014-0033&language=EN";"EPdoc-14-19_330"
"europarl";"Combined effect of anti-dumping and anti-subsidy measures with safeguard measures";"http://www.europarl.europa.eu/sides/getDoc.do?type=REPORT&reference=A8-2014-0032&language=EN";"EPdoc-14-19_331"
"europarl";"Common rules for imports";"http://www.europarl.europa.eu/sides/getDoc.do?type=REPORT&reference=A8-2014-0040&language=EN";"EPdoc-14-19_332"
"europarl";"Common rules for exports";"http://www.europarl.europa.eu/sides/getDoc.do?type=REPORT&reference=A8-2014-0035&language=EN";"EPdoc-14-19_333"
"europarl";"Accession of Gabon to the 1980 Hague Convention on the Civil Aspects of International Child Abduction";"http://www.europarl.europa.eu/sides/getDoc.do?type=REPORT&reference=A8-2015-0007&language=EN";"EPdoc-14-19_334"
"europarl";"Accession of Andorra to the 1980 Hague Convention on the Civil Aspects of International Child Abduction";"http://www.europarl.europa.eu/sides/getDoc.do?type=REPORT&reference=A8-2015-0004&language=EN";"EPdoc-14-19_335"
"europarl";"Accession of the Seychelles to the 1980 Hague Convention on the Civil Aspects of International Child Abduction";"http://www.europarl.europa.eu/sides/getDoc.do?type=REPORT&reference=A8-2015-0006&language=EN";"EPdoc-14-19_336"
"europarl";"Accession of Russia to the 1980 Hague Convention on the Civil Aspects of International Child Abduction";"http://www.europarl.europa.eu/sides/getDoc.do?type=REPORT&reference=A8-2015-0008&language=EN";"EPdoc-14-19_337"
"europarl";"Accession of Albania to the 1980 Hague Convention on the Civil Aspects of International Child Abduction";"http://www.europarl.europa.eu/sides/getDoc.do?type=REPORT&reference=A8-2015-0002&language=EN";"EPdoc-14-19_338"
"europarl";"Accession of Singapore to the 1980 Hague Convention on the Civil Aspects of International Child Abduction";"http://www.europarl.europa.eu/sides/getDoc.do?type=REPORT&reference=A8-2015-0003&language=EN";"EPdoc-14-19_339"
"europarl";"Accession of Morocco to the 1980 Hague Convention on the Civil Aspects of International Child Abduction";"http://www.europarl.europa.eu/sides/getDoc.do?type=REPORT&reference=A8-2015-0005&language=EN";"EPdoc-14-19_340"
"europarl";"Accession of Armenia to the 1980 Hague Convention on the Civil Aspects of International Child Abduction";"http://www.europarl.europa.eu/sides/getDoc.do?type=REPORT&reference=A8-2015-0009&language=EN";"EPdoc-14-19_341"
"europarl";"Verification of credentials";"http://www.europarl.europa.eu/sides/getDoc.do?type=REPORT&reference=A8-2015-0013&language=EN";"EPdoc-14-19_342"
"europarl";"Cross-border exchange of information on road safety related traffic offences";"http://www.europarl.europa.eu/sides/getDoc.do?type=REPORT&reference=A8-2015-0001&language=EN";"EPdoc-14-19_343"
"europarl";"Sustainable Fisheries Partnership Agreement between the EU and Senegal ";"http://www.europarl.europa.eu/sides/getDoc.do?type=REPORT&reference=A8-2015-0010&language=EN";"EPdoc-14-19_344"
"europarl";"US Senate report on the use of torture by the CIA";"http://www.europarl.europa.eu/sides/getDoc.do?type=MOTION&reference=P8-RC-2015-0123&language=EN";"EPdoc-14-19_349"
"europarl";"Anti-terrorism measures";"http://www.europarl.europa.eu/sides/getDoc.do?type=MOTION&reference=P8-RC-2015-0122&language=EN";"EPdoc-14-19_353"
"europarl";"Country of origin labelling for meat in processed foods";"http://www.europarl.europa.eu/sides/getDoc.do?type=MOTION&reference=B8-2015-0097&language=EN";"EPdoc-14-19_369"
"europarl";"The work of the ACP-EU Joint Parliamentary Assembly";"http://www.europarl.europa.eu/sides/getDoc.do?type=REPORT&reference=A8-2015-0012&language=EN";"EPdoc-14-19_372"
"europarl";"Ombudsman's annual report 2013";"http://www.europarl.europa.eu/sides/getDoc.do?type=REPORT&reference=A8-2014-0058&language=EN";"EPdoc-14-19_294"
"europarl";"Commission work programme 2015-Resolution by the Greens/EFA";"http://www.europarl.europa.eu/sides/getDoc.do?type=MOTION&reference=B8-2015-0007&language=EN";"EPdoc-14-19_317"
"europarl";"Commission work programme 2015-Resolution by the ALDE";"http://www.europarl.europa.eu/sides/getDoc.do?type=MOTION&reference=B8-2015-0034&language=EN";"EPdoc-14-19_319"
"europarl";"Commission work programme 2015-Resolution by the S&D";"http://www.europarl.europa.eu/sides/getDoc.do?type=MOTION&reference=B8-2015-0035&language=EN";"EPdoc-14-19_326"
"europarl";"Commission work programme 2015-Resolution by the EFDD";"http://www.europarl.europa.eu/sides/getDoc.do?type=MOTION&reference=B8-2015-0038&language=EN";"EPdoc-14-19_327"
"europarl";"Fisheries Partnership Agreement between the EU and São Tomé and Príncipe: fishing opportunities and financial contribution";"http://www.europarl.europa.eu/sides/getDoc.do?type=REPORT&reference=A8-2014-0061&language=EN";"EPdoc-14-19_283"
"europarl";"EU-Seychelles Agreement on access for fishing vessels to waters of Mayotte";"http://www.europarl.europa.eu/sides/getDoc.do?type=REPORT&reference=A8-2014-0055&language=EN";"EPdoc-14-19_284"
"europarl";"Protocol to the Euro-Mediterranean Agreement between the EC and Tunisia, to take account of the accession of Bulgaria and Romania to the EU";"http://www.europarl.europa.eu/sides/getDoc.do?type=REPORT&reference=A8-2014-0049&language=EN";"EPdoc-14-19_285"
"europarl";"Provisions for fishing in the GFCM (General Fisheries Commission for the Mediterranean) Agreement area";"http://www.europarl.europa.eu/sides/getDoc.do?type=REPORT&reference=A8-2014-0057&language=EN";"EPdoc-14-19_287"
"europarl";"Persecution of the democratic opposition in Venezuela";"http://www.europarl.europa.eu/sides/getDoc.do?type=MOTION&reference=P8-RC-2014-0375&language=EN";"EPdoc-14-19_277"
"europarl";"Sudan: the case of Dr Amin Mekki Medani";"http://www.europarl.europa.eu/sides/getDoc.do?type=MOTION&reference=P8-RC-2014-0389&language=EN";"EPdoc-14-19_278"
"europarl";"Applying a scheme of generalised tariff preferences";"http://www.europarl.europa.eu/sides/getDoc.do?type=MOTION&reference=B8-2014-0348&language=EN";"EPdoc-14-19_279"
"europarl";"Resolution financing agreements";"http://www.europarl.europa.eu/sides/getDoc.do?type=MOTION&reference=B8-2014-0381&language=EN";"EPdoc-14-19_280"
"europarl";"Conclusion of the Association agreement with Georgia";"http://www.europarl.europa.eu/sides/getDoc.do?type=REPORT&reference=A8-2014-0042&language=EN";"EPdoc-14-19_281"
"europarl";"Association Agreement with Georgia";"http://www.europarl.europa.eu/sides/getDoc.do?type=REPORT&reference=A8-2014-0041&language=EN";"EPdoc-14-19_282"
"europarl";"Autonomous trade preferences for the Republic of Moldova";"http://www.europarl.europa.eu/sides/getDoc.do?type=REPORT&reference=A8-2014-0053&language=EN";"EPdoc-14-19_228"
"europarl";"Tariff treatment for goods originating from Ecuador";"http://www.europarl.europa.eu/sides/getDoc.do?type=REPORT&reference=A8-2014-0056&language=EN";"EPdoc-14-19_229"
"europarl";"Mobilisation of the Contingency Margin in 2014";"http://www.europarl.europa.eu/sides/getDoc.do?type=REPORT&reference=A8-2014-0068&language=EN";"EPdoc-14-19_230"
"europarl";"Draft amending budget No 3/2014: Revenue from fines, interest payments, reimbursements and repayments – Payment appropriations – Establishment plans of the Commission, the Committee of the Regions and the European Data Protection Supervisor";"http://www.europarl.europa.eu/sides/getDoc.do?type=REPORT&reference=A8-2014-0069&language=EN";"EPdoc-14-19_231"
"europarl";"Draft amending budget No 4/2014: Traditional own resources (TOR), VAT and Gross National Income (GNI) bases";"http://www.europarl.europa.eu/sides/getDoc.do?type=REPORT&reference=A8-2014-0076&language=EN";"EPdoc-14-19_232"
"europarl";"Mobilisation of the EU Solidarity Fund: Floods in Italy - Earthquakes in Greece - Ice in Slovenia - Ice and floods in Croatia";"http://www.europarl.europa.eu/sides/getDoc.do?type=REPORT&reference=A8-2014-0073&language=EN";"EPdoc-14-19_233"
"europarl";"Draft amending budget No 5/2014: Floods in Italy (Sardinia) in 2013 - Earthquakes in Greece - Ice in Slovenia - Ice followed by floods in Croatia in 2014";"http://www.europarl.europa.eu/sides/getDoc.do?type=REPORT&reference=A8-2014-0078&language=EN";"EPdoc-14-19_234"
"europarl";"Draft amending budget No 6/2014: Revision of the forecast of traditional own resources, VAT and GNI contributions";"http://www.europarl.europa.eu/sides/getDoc.do?type=REPORT&reference=A8-2014-0074&language=EN";"EPdoc-14-19_235"
"europarl";"Mobilisation of the EU Solidarity Fund: Floods in Serbia, Croatia and Bulgaria";"http://www.europarl.europa.eu/sides/getDoc.do?type=REPORT&reference=A8-2014-0075&language=EN";"EPdoc-14-19_236"
"europarl";"Draft amending budget No 7/2014: Floods in Serbia, Croatia and Bulgaria";"http://www.europarl.europa.eu/sides/getDoc.do?type=REPORT&reference=A8-2014-0072&language=EN";"EPdoc-14-19_237"
"europarl";"Draft amending budget No 8/2014: Surplus resulting from the implementation of the budget year 2013";"http://www.europarl.europa.eu/sides/getDoc.do?type=REPORT&reference=A8-2014-0079&language=EN";"EPdoc-14-19_238"
"europarl";"Union own resources – adjustment of Member States' national contributions";"http://www.europarl.europa.eu/sides/getDoc.do?type=REPORT&reference=A8-2014-0066&language=EN";"EPdoc-14-19_239"
"europarl";"Mobilisation of the EU Solidarity Fund: Regions affected by disasters";"http://www.europarl.europa.eu/sides/getDoc.do?type=REPORT&reference=A8-2014-0077&language=EN";"EPdoc-14-19_240"
"europarl";"Mobilisation of the Flexibility Instrument – financing of the Cypriot Structural Funds programmes";"http://www.europarl.europa.eu/sides/getDoc.do?type=REPORT&reference=A8-2014-0071&language=EN";"EPdoc-14-19_241"
"europarl";"Quality of petrol and diesel fuels";"http://www.europarl.europa.eu/sides/getDoc.do?type=MOTION&reference=B8-2014-0326&language=EN";"EPdoc-14-19_257"
"europarl";"Commission Delegated Regulation (EU) establishing a discard plan in the Baltic Sea";"http://www.europarl.europa.eu/sides/getDoc.do?type=MOTION&reference=B8-2014-0319&language=EN";"EPdoc-14-19_258"
"europarl";"Taking-up and pursuit of the business of Insurance and Reinsurance (Solvency II)";"http://www.europarl.europa.eu/sides/getDoc.do?type=MOTION&reference=B8-2014-0358&language=EN";"EPdoc-14-19_259"
"europarl";"Recognition of Palestine statehood";"http://www.europarl.europa.eu/sides/getDoc.do?type=MOTION&reference=P8-RC-2014-0277&language=EN";"EPdoc-14-19_260"
"europarl";"Scientific examination of questions relating to food";"http://www.europarl.europa.eu/sides/getDoc.do?type=REPORT&reference=A8-2014-0059&language=EN";"EPdoc-14-19_218"
"europarl";"Convention on International Trade in Endangered Species (CITES)";"http://www.europarl.europa.eu/sides/getDoc.do?type=REPORT&reference=A8-2014-0036&language=EN";"EPdoc-14-19_219"
"europarl";"Cooperation agreement on a civil Global Navigation Satellite System (GNSS) with Morocco";"http://www.europarl.europa.eu/sides/getDoc.do?type=REPORT&reference=A8-2014-0045&language=EN";"EPdoc-14-19_220"
"europarl";"Renewal of the Agreement on cooperation in science and technology with Ukraine";"http://www.europarl.europa.eu/sides/getDoc.do?type=REPORT&reference=A8-2014-0039&language=EN";"EPdoc-14-19_221"
"europarl";"Participation of Croatia in the European Economic Area";"http://www.europarl.europa.eu/sides/getDoc.do?type=REPORT&reference=A8-2014-0026&language=EN";"EPdoc-14-19_222"
"europarl";"Dock dues in the French outermost regions";"http://www.europarl.europa.eu/sides/getDoc.do?type=REPORT&reference=A8-2014-0054&language=EN";"EPdoc-14-19_223"
"europarl";"Mobilisation of the European Globalisation Adjustment Fund: application EGF/2014/010 IT/Whirlpool";"http://www.europarl.europa.eu/sides/getDoc.do?type=REPORT&reference=A8-2014-0064&language=EN";"EPdoc-14-19_224"
"europarl";"Mobilisation of the European Globalisation Adjustment Fund: application EGF/2013/006 PL/Fiat Auto Poland S.A.";"http://www.europarl.europa.eu/sides/getDoc.do?type=REPORT&reference=A8-2014-0062&language=EN";"EPdoc-14-19_225"
"europarl";"Mobilisation of the European Globalisation Adjustment Fund: application EGF/2014/013 EL/Odyssefs Fokas";"http://www.europarl.europa.eu/sides/getDoc.do?type=REPORT&reference=A8-2014-0063&language=EN";"EPdoc-14-19_226"
"europarl";"Mobilisation of the European Globalisation Adjustment Fund: application EGF/2013/014 FR/Air France";"http://www.europarl.europa.eu/sides/getDoc.do?type=REPORT&reference=A8-2014-0065&language=EN";"EPdoc-14-19_227"
"europarl";"Commission's impact assessment guidelines";"http://www.europarl.europa.eu/sides/getDoc.do?type=MOTION&reference=P8-RC-2014-0311&language=EN";"EPdoc-14-19_184"
"europarl";"Motion of censure on the Commission";"http://www.europarl.europa.eu/sides/getDoc.do?type=MOTION&reference=B8-2014-0249&language=EN";"EPdoc-14-19_195"
"europarl";"Child malnutrition in developing countries";"http://www.europarl.europa.eu/sides/getDoc.do?type=MOTION&reference=B8-2014-0253&language=EN";"EPdoc-14-19_198"
"europarl";"Digital single market";"http://www.europarl.europa.eu/sides/getDoc.do?type=MOTION&reference=B8-2014-0286&language=EN";"EPdoc-14-19_217"
"europarl";"Decision to raise no objections to the Commission delegated regulation on the provisional system of instalments on contributions to cover the administrative expenditures of the Single Resolution Board";"http://www.europarl.europa.eu/sides/getDoc.do?type=MOTION&reference=B8-2014-0246&language=EN";"EPdoc-14-19_170"
"europarl";"Delays in the start-up of cohesion policy for 2014-2020";"http://www.europarl.europa.eu/sides/getDoc.do?type=MOTION&reference=P8-RC-2014-0278&language=EN";"EPdoc-14-19_169"
"europarl";"Collection of statistical information by the European Central Bank";"http://www.europarl.europa.eu/sides/getDoc.do?type=REPORT&reference=A8-2014-0027&language=EN";"EPdoc-14-19_167"
"europarl";"The powers of the European Central Bank to impose sanctions";"http://www.europarl.europa.eu/sides/getDoc.do?type=REPORT&reference=A8-2014-0028&language=EN";"EPdoc-14-19_168"
"europarl";"The EU and the global development framework after 2015";"http://www.europarl.europa.eu/sides/getDoc.do?type=REPORT&reference=A8-2014-0037&language=EN";"EPdoc-14-19_154"
"europarl";"Protocol on matters specific to railway rolling stock";"http://www.europarl.europa.eu/sides/getDoc.do?type=REPORT&reference=A8-2014-0030&language=EN";"EPdoc-14-19_155"
"europarl";"Hague Convention of 30 June 2005 on choice of Court agreements";"http://www.europarl.europa.eu/sides/getDoc.do?type=REPORT&reference=A8-2014-0034&language=EN";"EPdoc-14-19_156"
"europarl";"Mobilisation of the European Globalisation Adjustment Fund: application EGF/2014/008 FI/STX Rauma";"http://www.europarl.europa.eu/sides/getDoc.do?type=REPORT&reference=A8-2014-0043&language=EN";"EPdoc-14-19_157"
"europarl";"Mobilisation of the European Globalisation Adjustment Fund: application EGF/2014/005 FR/GAD";"http://www.europarl.europa.eu/sides/getDoc.do?type=REPORT&reference=A8-2014-0044&language=EN";"EPdoc-14-19_158"
"europarl";"Opinion of the Court of Justice - EU/Canada agreement on the transfer and processing of Passenger Name Record (PNR) data";"http://www.europarl.europa.eu/sides/getDoc.do?type=MOTION&reference=B8-2014-0265&language=EN";"EPdoc-14-19_166"
"europarl";"Mobilisation of the European Globalisation Adjustment Fund: application EGF/2014/007 IE/Andersen Ireland";"http://www.europarl.europa.eu/sides/getDoc.do?type=REPORT&reference=A8-2014-0024&language=EN";"EPdoc-14-19_141"
"europarl";"Mobilisation of the European Globalisation Adjustment Fund: application EGF/2014/009 EL/Sprider Stores";"http://www.europarl.europa.eu/sides/getDoc.do?type=REPORT&reference=A8-2014-0023&language=EN";"EPdoc-14-19_142"
"europarl";"Association agreement between the European Union and the Republic of Moldova";"http://www.europarl.europa.eu/sides/getDoc.do?type=REPORT&reference=A8-2014-0020&language=EN";"EPdoc-14-19_143"
"europarl";"Conclusion of an Association agreement between the European Union and the Republic of Moldova";"http://www.europarl.europa.eu/sides/getDoc.do?type=REPORT&reference=A8-2014-0022&language=EN";"EPdoc-14-19_144"
"europarl";"Closing down of Memorial (Sakharov Prize 2009) in Russia";"http://www.europarl.europa.eu/sides/getDoc.do?type=MOTION&reference=P8-RC-2014-0164&language=EN";"EPdoc-14-19_135"
"europarl";"Disappearance of 43 teaching students in Mexico";"http://www.europarl.europa.eu/sides/getDoc.do?type=MOTION&reference=P8-RC-2014-0161&language=EN";"EPdoc-14-19_137"
"europarl";"Customs duties on goods originating in Ukraine";"http://www.europarl.europa.eu/sides/getDoc.do?type=REPORT&reference=A8-2014-0021&language=EN";"EPdoc-14-19_138"
"europarl";"2012 discharge: Body of European Regulators for Electronic Communications";"http://www.europarl.europa.eu/sides/getDoc.do?type=REPORT&reference=A8-2014-0011&language=EN";"EPdoc-14-19_139"
"europarl";"2012 discharge: European Council and Council";"http://www.europarl.europa.eu/sides/getDoc.do?type=REPORT&reference=A8-2014-0010&language=EN";"EPdoc-14-19_140"
"europarl";"General budget of the European Union for the financial year 2015 - all sections";"http://www.europarl.europa.eu/sides/getDoc.do?type=REPORT&reference=A8-2014-0014&language=EN";"EPdoc-14-19_131"
"europarl";"Protocol to the EU-Republic of Korea Free Trade Agreement to take account of Croatia's accession to the EU";"http://www.europarl.europa.eu/sides/getDoc.do?type=REPORT&reference=A8-2014-0012&language=EN";"EPdoc-14-19_132"
"europarl";"European Semester for economic policy coordination: implementation of 2014 priorities";"http://www.europarl.europa.eu/sides/getDoc.do?type=REPORT&reference=A8-2014-0019&language=EN";"EPdoc-14-19_134"
"europarl";"Election of the Commission";"http://www.europarl.europa.eu/sides/getDoc.do?type=AGENDA&reference=20141022&secondRef=SIT&language=EN";"EPdoc-14-19_87"
"europarl";"Draft amending budget No 2/2014 - surplus resulting from the implementation of the budget year 2013";"http://www.europarl.europa.eu/sides/getDoc.do?type=REPORT&reference=A8-2014-0018&language=EN";"EPdoc-14-19_88"
"europarl";"Mobilisation of the European Globalisation Adjustment Fund: application EGF/2014/004 ES/Comunidad Valenciana metal";"http://www.europarl.europa.eu/sides/getDoc.do?type=REPORT&reference=A8-2014-0013&language=EN";"EPdoc-14-19_83"
"europarl";"Mobilisation of the European Globalisation Adjustment Fund: application EGF/2013/012 BE/Ford Genk";"http://www.europarl.europa.eu/sides/getDoc.do?type=REPORT&reference=A8-2014-0015&language=EN";"EPdoc-14-19_84"
"europarl";"Mobilisation of the European Globalisation Adjustment Fund: application EGF/2013/002 BE/Carsid";"http://www.europarl.europa.eu/sides/getDoc.do?type=REPORT&reference=A8-2014-0017&language=EN";"EPdoc-14-19_85"
"europarl";"Mobilisation of the European Globalisation Adjustment Fund: application EGF/2014/006 FR/PSA";"http://www.europarl.europa.eu/sides/getDoc.do?type=REPORT&reference=A8-2014-0016&language=EN";"EPdoc-14-19_86"
"europarl";"Israel-Palestine after the Gaza war and the role of the EU- Resolution by GUE/NGL Group";"http://www.europarl.europa.eu/sides/getDoc.do?type=MOTION&reference=B8-2014-0112&language=EN";"EPdoc-14-19_68"
"europarl";"Israel-Palestine after the Gaza war and the role of the EU";"http://www.europarl.europa.eu/sides/getDoc.do?type=MOTION&reference=P8-RC-2014-0117&language=EN";"EPdoc-14-19_81"
"europarl";"Commission Delegated Regulation: Reinstatement of market access for Fiji (request by GUE/NGL and Greens/EFA groups to reject Commission delegated act)";"http://www.europarl.europa.eu/sides/getDoc.do?type=MOTION&reference=B8-2014-0081&language=EN";"EPdoc-14-19_82"
"europarl";"Mobilisation of the European Globalisation Adjustment Fund - application EGF/2014/000 TA 2014 - Technical assistance at the initiative of the Commission";"http://www.europarl.europa.eu/sides/getDoc.do?type=REPORT&reference=A8-2014-0003&language=EN";"EPdoc-14-19_42"
"europarl";"Mobilisation of the European Globalisation Adjustment Fund - application EGF/2014/001 EL/Nutriart";"http://www.europarl.europa.eu/sides/getDoc.do?type=REPORT&reference=A8-2014-0004&language=EN";"EPdoc-14-19_43"
"europarl";"Mobilisation of the European Globalisation Adjustment Fund : application EGF/2012/010 RO/MECHEL - Romania";"http://www.europarl.europa.eu/sides/getDoc.do?type=REPORT&reference=A8-2014-0008&language=EN";"EPdoc-14-19_44"
"europarl";"Mobilisation of the European Globalisation Adjustment Fund : application EGF/2014/003 ES/Aragón food and beverage - Spain";"http://www.europarl.europa.eu/sides/getDoc.do?type=REPORT&reference=A8-2014-0006&language=EN";"EPdoc-14-19_45"
"europarl";"Mobilisation of the European Globalisation Adjustment Fund : application EGF/2014/002 NL/Gelderland-Overijssel construction – The Netherlands";"http://www.europarl.europa.eu/sides/getDoc.do?type=REPORT&reference=A8-2014-0005&language=EN";"EPdoc-14-19_46"
"europarl";"Mobilisation of the European Globalisation Adjustment Fund: application EGF/2013/010 ES/Castilla y León - Spain";"http://www.europarl.europa.eu/sides/getDoc.do?type=REPORT&reference=A8-2014-0007&language=EN";"EPdoc-14-19_47"
"europarl";"EU-Ukraine association agreement, with the exception of the treatment of third country nationals legally employed as workers in the territory of the other party";"http://www.europarl.europa.eu/sides/getDoc.do?type=REPORT&reference=A8-2014-0002&language=EN";"EPdoc-14-19_40"
"europarl";"EU-Ukraine association agreement, as regards the treatment of third country nationals legally employed as workers in the territory of the other party";"http://www.europarl.europa.eu/sides/getDoc.do?type=AGENDA&reference=20140916&secondRef=SIT&language=EN";"EPdoc-14-19_41"
"europarl";"Nigeria, recent attacks by Boko Haram";"http://www.europarl.europa.eu/sides/getDoc.do?type=MOTION&reference=P8-RC-2014-0016&language=EN";"EPdoc-14-19_7"
"europarl";"Situation in Ukraine";"http://www.europarl.europa.eu/sides/getDoc.do?type=MOTION&reference=P8-RC-2014-0025&language=EN";"EPdoc-14-19_15"
"europarl";"Youth employment";"http://www.europarl.europa.eu/sides/getDoc.do?type=MOTION&reference=P8-RC-2014-0027&language=EN";"EPdoc-14-19_32"
"europarl";"Escalation of violence between Israel and Palestine";"http://www.europarl.europa.eu/sides/getDoc.do?type=MOTION&reference=P8-RC-2014-0071&language=EN";"EPdoc-14-19_39"
"europarl";"Appointment of 4 members of the European Commission - Jyrki KATAINEN (FI), Jacek DOMINIK (PL), Ferdinando NELLI FEROCI (IT), Martine REICHERTS (LU)";"http://www.europarl.europa.eu/sides/getDoc.do?type=AGENDA&reference=20140716&secondRef=SIT&language=EN&format=XML# ";"EPdoc-14-19_1"
"europarl";"Adoption by Lithuania of the euro on 1 January 2015";"http://www.europarl.europa.eu/sides/getDoc.do?type=REPORT&reference=A8-2014-0001&language=EN";"EPdoc-14-19_5"
